date,ticker,held,close,state,zone_lo,zone_hi,poc,pct_in_profit,wk_circle,wk_score,wk_weeks,monthly_up,vh_status,whale,absorption,divergence,shelf_stable,conv_score,conv_tier,gates_ok,gates_failed,ftag,rs12_rank,origin,whale_rank,candle
2026-07-09,0700,0,473,CAUTION,457.38,480.71,466.711,48.08,WHITE,0,21,0,,1,1,0,1,10,fails,0,G1 size;G2 trend;G3 leader,F:—,,,,
2026-07-09,1810,0,25.14,CAUTION,22.68,23.84,32.0016,18.12,WHITE,0,39,0,BREAKDOWN,0,1,0,0,9,fails,0,G2 trend;G3 leader;G4 basis,F:—,,,,
2026-07-09,3690,0,78.9,CAUTION,76.6,80.51,78.1637,32.42,WHITE,0,64,0,,1,1,0,1,14,fails,0,G2 trend;G3 leader,F:—,,,,
2026-07-09,9992,1,150.8,CAUTION,,,154.259,8.18,WHITE,0,19,0,BREAKDOWN,0,0,0,0,13,fails,0,G2 trend;G3 leader;G4 basis,F:—,,,,
2026-07-09,AAPL,1,313.39,ACCUMULATE,305.53,321.12,311.764,99.09,RED,4,15,1,BREAKOUT,0,1,0,1,65,fails,0,G1 size,F:2/3,,,,
2026-07-09,ADBE,0,220.94,CAUTION,213.36,224.24,243.185,24.77,WHITE,0,83,0,,1,1,0,1,13,fails,0,G2 trend;G3 leader;G4 basis,F:3/3,,,,
2026-07-09,ALAB,0,393.16,ACCUMULATE,377.88,397.16,123.076,86,RED,4,12,1,,0,0,0,1,83,CONVICTION,1,,F:3/3,,,,
2026-07-09,AMAT,0,570.5,HOLD,432.78,454.86,391.467,75.81,RED,4,43,1,BREAKOUT,0,0,0,0,65,fails,0,G1 size,F:2/3,,,,
2026-07-09,AMD,1,517.41,ACCUMULATE,501.6,527.19,215.827,89.71,RED,4,17,1,BREAKOUT,0,0,0,1,70,fails,0,G1 size,F:3/3,,,,
2026-07-09,AMZN,0,243.62,ACCUMULATE,233.55,245.46,230.099,67.08,RED,3,2,1,BREAKDOWN,1,1,1,1,40,fails,0,G1 size;G3 leader,F:3/3,,,,
2026-07-09,ANET,0,181.05,HOLD,166.54,175.04,143.276,100,RED,4,13,1,BREAKOUT,0,0,0,0,72,STARTER,1,,F:3/3,,,,
2026-07-09,APP,0,522.18,HOLD,457.04,480.36,466.365,68.83,RED,3,2,1,BREAKOUT,0,1,0,0,53,fails,1,,F:2/2,,,,
2026-07-09,ARM,0,300.24,HOLD,206.46,216.99,210.673,62.02,RED,4,14,1,,0,0,0,0,69,STARTER,1,,F:3/3,,,,
2026-07-09,ASML,0,1768.65,ACCUMULATE,1712.67,1800.05,1379.34,78.84,RED,4,47,1,,0,0,0,1,74,STARTER,1,,F:1/1,,,,
2026-07-09,ASTS,0,74.95,BOTTOMING,68.17,71.65,86.0499,23.68,AMBER,2,1,0,BREAKOUT,0,0,0,0,23,fails,0,G2 trend;G4 basis,F:0/2,,,,
2026-07-09,AVGO,1,388.69,ACCUMULATE,383.25,402.81,379.737,66.52,RED,3,1,1,INSIDE,0,0,0,1,55,fails,0,G1 size,F:3/3,,,,
2026-07-09,AXON,0,599.8,CAUTION,589.34,619.41,393.819,85.11,WHITE,1,35,1,,0,0,0,1,37,fails,0,G2 trend;G3 leader,F:3/3,,,,
2026-07-09,CAVA,0,67.59,CAUTION,66.52,69.92,79.8304,24.04,AMBER,2,2,0,,0,0,0,1,25,fails,0,G2 trend;G3 leader;G4 basis,F:3/3,,,,
2026-07-09,COST,0,953.13,CAUTION,936.12,983.88,955.223,33.15,WHITE,1,1,0,BREAKDOWN,1,1,0,1,13,fails,0,G2 trend;G3 leader;G4 basis,F:2/3,,,,
2026-07-09,CRDO,0,258.69,ACCUMULATE,247.1,259.71,111.455,89.74,RED,4,12,1,,0,0,0,1,83,CONVICTION,1,,F:3/3,,,,
2026-07-09,CRM,0,166.58,CAUTION,162.46,170.75,183.972,22.37,WHITE,0,69,0,,1,1,0,1,13,fails,0,G2 trend;G3 leader;G4 basis,F:2/3,,,,
2026-07-09,CRWD,0,191.12,ACCUMULATE,184.76,194.18,104.629,95.2,RED,4,9,1,BREAKOUT,0,0,0,1,68,STARTER,1,,F:2/2,,,,
2026-07-09,CSPX,1,805.96,ACCUMULATE,781.79,821.67,797.742,88.14,RED,4,14,1,BREAKOUT,0,1,0,1,60,fails,0,G3 leader,F:—,,,,
2026-07-09,DDOG,0,261.09,HOLD,227.86,239.49,127.455,95.34,RED,4,10,1,BREAKOUT,1,1,1,0,82,CONVICTION,1,,F:2/2,,,,
2026-07-09,DRAM,1,62.04,CAUTION,59.2,62.22,60.41,48.88,RED,3,14,0,,0,0,0,0,59,fails,0,G2 trend;G5 data,F:—,,,,
2026-07-09,DUOL,0,127.57,CAUTION,96.87,101.82,98.8507,70.14,WHITE,0,48,0,,0,0,0,0,30,fails,0,G2 trend;G3 leader,F:2/2,,,,
2026-07-09,GOOG,1,358.71,ACCUMULATE,353.12,371.14,360.33,72.72,RED,3,15,1,,1,1,0,1,55,fails,0,G1 size;G4 basis,F:2/2,,,,
2026-07-09,GRAB,0,3.81,BOTTOMING,3.55,3.73,3.6237,49.95,WHITE,0,27,0,BREAKOUT,0,0,0,0,25,fails,0,G2 trend;G3 leader,F:2/2,,,,
2026-07-09,HIMS,0,36.07,HOLD,33.94,35.67,24.0908,78.97,RED,3,2,1,BREAKOUT,0,0,0,0,47,fails,0,G3 leader,F:2/2,,,,
2026-07-09,HOOD,0,113.53,HOLD,103.35,108.62,76.046,82.84,RED,3,2,1,BREAKOUT,0,0,0,0,49,fails,0,G3 leader,F:2/2,,,,
2026-07-09,INTC,0,110.24,ACCUMULATE,107.43,112.91,45.2035,65.46,RED,4,47,1,,0,0,0,1,70,fails,0,G1 size,F:1/3,,,,
2026-07-09,IOT,0,36.44,HOLD,32.93,34.61,31.8175,78.78,RED,3,1,1,,0,1,0,0,50,fails,0,G3 leader,F:2/2,,,,
2026-07-09,JPM,0,330.62,ACCUMULATE,325.7,342.32,310.152,88.24,RED,4,6,1,BREAKOUT,0,0,0,1,44,fails,0,G3 leader,F:2/3,,,,
2026-07-09,KLAC,0,221.18,HOLD,184.78,194.2,146.195,74.4,RED,4,61,1,BREAKOUT,0,0,0,0,69,STARTER,1,,F:3/3,,,,
2026-07-09,LLY,0,1215.83,HOLD,1127.8,1185.34,919.232,96.84,RED,4,9,1,,0,0,0,0,54,fails,1,,F:3/3,,,,
2026-07-09,LRCX,0,333.15,HOLD,314.62,330.68,222.314,75.69,RED,4,58,1,BREAKOUT,0,1,0,0,65,fails,0,G1 size,F:3/3,,,,
2026-07-09,MA,0,519.86,BOTTOMING,511.46,537.56,494.824,64.35,WHITE,1,26,0,BREAKOUT,0,0,0,1,33,fails,0,G2 trend;G3 leader,F:3/3,,,,
2026-07-09,MDB,0,359.4,ACCUMULATE,346.04,363.69,322.776,81.03,RED,3,5,1,INSIDE,1,1,1,1,72,STARTER,1,,F:3/3,,,,
2026-07-09,META,0,603.12,CAUTION,557.67,586.12,610.358,32.38,WHITE,0,35,0,INSIDE,0,1,0,0,10,fails,0,G1 size;G2 trend;G3 leader;G4 basis,F:2/2,,,,
2026-07-09,MRVL,0,231.71,HOLD,198.74,208.87,89.2744,53.34,RED,4,20,1,,0,0,1,0,60,fails,0,G1 size,F:3/3,,,,
2026-07-09,MSFT,0,383.34,CAUTION,378.15,397.44,371.614,27.56,WHITE,0,26,0,,1,1,0,1,10,fails,0,G1 size;G2 trend;G3 leader,F:3/3,,,,
2026-07-09,MU,1,948.8,ACCUMULATE,909.66,956.07,415.428,74.05,RED,4,57,1,,0,0,0,1,70,fails,0,G1 size,F:3/3,,,,
2026-07-09,NBIS,0,216.48,HOLD,199.34,209.51,96.2489,71.01,RED,4,23,1,BREAKOUT,0,0,0,0,74,STARTER,1,,F:2/2,,,,
2026-07-09,NET,0,273.4,ACCUMULATE,260.52,273.82,197.998,99.77,RED,4,13,1,,0,0,0,1,72,STARTER,1,,F:2/2,,,,
2026-07-09,NFLX,0,75.59,CAUTION,72.25,75.93,93.3606,10.76,WHITE,0,34,0,BREAKDOWN,1,1,0,1,9,fails,0,G2 trend;G3 leader;G4 basis,F:2/3,,,,
2026-07-09,NOW,1,107.78,CAUTION,99.1,104.16,101.126,62.67,WHITE,0,50,0,,0,0,0,0,23,fails,0,G2 trend;G3 leader,F:2/3,,,,
2026-07-09,NVDA,1,204.12,HOLD,194.02,203.92,182.93,72.56,RED,3,2,1,BREAKOUT,0,0,0,0,35,fails,0,G1 size;G3 leader,F:3/3,,,,
2026-07-09,NVO,0,48.89,BOTTOMING,46.88,49.27,44.0682,73.16,WHITE,1,93,0,BREAKOUT,0,0,0,1,37,fails,0,G2 trend;G3 leader,F:—,,,,
2026-07-09,ONON,0,36.38,BOTTOMING,35.18,36.97,35.8967,35.14,WHITE,0,19,0,BREAKOUT,1,1,0,1,25,fails,0,G2 trend;G3 leader,F:1/1,,,,
2026-07-09,ORCL,0,140.49,CAUTION,139.85,146.98,142.7,6.37,WHITE,0,3,0,BREAKDOWN,1,1,0,1,5,fails,0,G1 size;G2 trend;G3 leader;G4 basis,F:3/3,,,,
2026-07-09,PANW,0,320.59,HOLD,281.46,295.82,166.398,92.61,RED,4,9,1,,0,0,0,0,63,STARTER,1,,F:2/3,,,,
2026-07-09,PLTR,1,132.22,CAUTION,113.64,119.44,136.12,28.46,WHITE,0,22,0,,0,1,0,0,5,fails,0,G1 size;G2 trend;G3 leader;G4 basis,F:2/2,,,,
2026-07-09,QCOM,0,186.56,ACCUMULATE,179.02,188.16,131.179,48.46,RED,4,10,1,BREAKOUT,0,0,0,1,44,fails,0,G3 leader,F:3/3,,,,
2026-07-09,RBLX,0,55.12,CAUTION,45.96,48.31,46.9007,47.35,WHITE,0,31,0,,0,0,0,0,22,fails,0,G2 trend;G3 leader,F:2/2,,,,
2026-07-09,RDDT,1,195.31,HOLD,167.98,176.55,142.753,78.47,RED,3,1,1,BREAKOUT,0,0,0,0,52,fails,0,G3 leader,F:2/2,,,,
2026-07-09,RKLB,0,83.35,PULLBACK,82.32,86.52,70.4732,48.16,AMBER,2,1,1,BREAKOUT,1,1,0,1,43,fails,0,G2 trend,F:1/3,,,,
2026-07-09,SE,0,105.31,BOTTOMING,104.12,109.44,89.3319,61.07,WHITE,1,34,0,BREAKOUT,0,0,0,1,30,fails,0,G2 trend;G3 leader,F:2/2,,,,
2026-07-09,SHOP,0,119.22,CAUTION,115.74,121.65,112.82,57.02,WHITE,0,22,0,INSIDE,1,1,0,1,27,fails,0,G2 trend;G3 leader,F:2/2,,,,
2026-07-09,SNOW,0,261.31,ACCUMULATE,254.59,267.58,237.448,93.21,RED,4,5,1,INSIDE,1,1,1,1,53,fails,0,G3 leader,F:3/3,,,,
2026-07-09,SOFI,0,17.73,BOTTOMING,17.53,18.43,17.8915,49.11,WHITE,0,21,0,BREAKOUT,1,0,1,1,17,fails,0,G2 trend;G3 leader;G4 basis,F:2/3,,,,
2026-07-09,TMDX,0,70.44,CAUTION,67.89,71.36,69.2769,25.57,WHITE,0,16,0,BREAKDOWN,0,0,0,1,25,fails,0,G2 trend;G3 leader,F:3/3,,,,
2026-07-09,TOST,0,28.57,CAUTION,27.55,28.95,28.1072,60.34,WHITE,0,40,0,BREAKDOWN,0,0,0,1,30,fails,0,G2 trend;G3 leader,F:2/2,,,,
2026-07-09,TSLA,1,394.06,CAUTION,370.51,389.41,397.921,38.42,WHITE,0,3,0,BREAKDOWN,0,0,0,0,5,fails,0,G1 size;G2 trend;G3 leader;G4 basis,F:1/3,,,,
2026-07-09,TSM,1,436.98,ACCUMULATE,426.59,448.35,435.295,85.23,RED,4,58,1,,0,0,0,1,65,fails,0,G1 size,F:3/3,,,,
2026-07-09,UBER,0,73.6,BOTTOMING,72.8,76.51,74.2829,45.08,WHITE,0,30,0,BREAKOUT,0,0,0,1,23,fails,0,G2 trend;G3 leader;G4 basis,F:3/3,,,,
2026-07-09,V,0,347.53,ACCUMULATE,340.93,358.32,329.468,86.78,RED,4,2,1,,0,0,0,1,44,fails,0,G3 leader,F:2/2,,,,
2026-07-09,VRT,0,317.81,ACCUMULATE,306.99,322.65,313.254,78.85,RED,3,57,1,,0,0,0,1,78,CONVICTION,1,,F:3/3,,,,
2026-07-09,VST,1,154.82,CAUTION,138.22,145.27,161.368,34.83,WHITE,0,30,0,BREAKDOWN,0,0,0,0,17,fails,0,G2 trend;G3 leader;G4 basis,F:3/3,,,,
2026-07-09,ZETA,1,21.66,HOLD,20.58,21.63,18.4446,87.59,RED,4,7,1,,0,1,0,0,60,STARTER,1,,F:2/2,,,,
2026-07-09,ZS,0,143.55,CAUTION,131.98,138.71,127.394,51.49,WHITE,0,31,0,,1,1,1,0,22,fails,0,G2 trend;G3 leader,F:3/3,,,,
2026-07-10,0700,0,467.2,CAUTION,457.38,480.71,466.711,43.42,WHITE,0,21,0,,1,1,0,1,10,fails,0,G1 size;G2 trend;G3 leader,F:—,,,,
2026-07-10,1810,0,26.16,CAUTION,25.29,26.58,32.0016,22.89,WHITE,0,39,0,BREAKDOWN,1,1,0,1,9,fails,0,G2 trend;G3 leader;G4 basis,F:—,,,,
2026-07-10,3690,0,79.7,CAUTION,76.6,80.51,78.1637,32.52,WHITE,0,64,0,,1,1,0,1,14,fails,0,G2 trend;G3 leader,F:—,,,,
2026-07-10,9992,1,150.8,CAUTION,,,154.259,8.56,WHITE,0,19,0,BREAKDOWN,0,0,0,0,13,fails,0,G2 trend;G3 leader;G4 basis,F:—,,,,
2026-07-10,AAPL,1,316.22,ACCUMULATE,305.53,321.12,311.764,99.82,RED,4,15,1,BREAKOUT,0,1,0,1,70,fails,0,G1 size,F:2/3,,,,
2026-07-10,ADBE,0,222.65,CAUTION,221.68,232.99,243.185,27.59,WHITE,0,83,0,,1,1,0,1,13,fails,0,G2 trend;G3 leader;G4 basis,F:3/3,,,,
2026-07-10,ALAB,0,417.45,HOLD,396.8,417.04,123.076,93.73,RED,4,12,1,,0,0,0,0,78,CONVICTION,1,,F:3/3,,,,
2026-07-10,AMAT,0,588.66,ACCUMULATE,574.73,604.05,391.467,78.27,RED,4,43,1,BREAKOUT,0,0,0,1,70,fails,0,G1 size,F:2/3,,,,
2026-07-10,AMD,1,546.72,HOLD,501.6,527.19,215.827,96.31,RED,4,17,1,BREAKOUT,0,0,0,0,65,fails,0,G1 size,F:3/3,,,,
2026-07-10,AMZN,0,247.04,ACCUMULATE,239.99,252.23,230.099,73.94,RED,3,2,1,BREAKDOWN,1,1,1,1,40,fails,0,G1 size;G3 leader,F:3/3,,,,
2026-07-10,ANET,0,184.69,HOLD,161.94,170.2,142.771,99.36,RED,4,13,1,BREAKOUT,0,0,0,0,72,STARTER,1,,F:3/3,,,,
2026-07-10,APP,0,520.43,ACCUMULATE,505.15,530.93,466.365,66.66,RED,3,2,1,BREAKOUT,1,1,1,1,58,fails,1,,F:2/2,,,,
2026-07-10,ARM,0,327.87,HOLD,305.98,321.59,210.673,69.57,RED,4,14,1,,0,0,0,0,74,STARTER,1,,F:3/3,,,,
2026-07-10,ASML,0,1804.25,ACCUMULATE,1752.77,1842.19,1379.34,83.91,RED,4,47,1,,0,0,0,1,74,STARTER,1,,F:1/1,,,,
2026-07-10,ASTS,0,73.88,CAUTION,72.48,76.18,86.0499,21.7,AMBER,2,1,0,INSIDE,0,0,0,1,28,fails,0,G2 trend;G4 basis,F:0/2,,,,
2026-07-10,AXON,0,582,CAUTION,569.66,598.72,393.819,82.08,WHITE,1,35,1,,0,0,0,1,37,fails,0,G2 trend;G3 leader,F:3/3,,,,
2026-07-10,CAVA,0,68.2,CAUTION,66.52,69.92,79.8304,27.73,AMBER,2,2,0,,0,0,0,1,25,fails,0,G2 trend;G3 leader;G4 basis,F:3/3,,,,
2026-07-10,COST,0,912.97,CAUTION,868.31,912.61,955.223,11.01,WHITE,1,1,0,BREAKDOWN,0,1,0,0,13,fails,0,G2 trend;G3 leader;G4 basis,F:2/3,,,,
2026-07-10,CRDO,0,265.65,HOLD,247.1,259.71,111.455,93.13,RED,4,12,1,,0,0,0,0,78,CONVICTION,1,,F:3/3,,,,
2026-07-10,CRM,0,162.5,CAUTION,148.58,156.17,183.972,17.22,WHITE,0,69,0,,0,1,0,0,13,fails,0,G2 trend;G3 leader;G4 basis,F:2/3,,,,
2026-07-10,CRWD,0,198.4,HOLD,184.76,194.18,104.629,99.37,RED,4,9,1,BREAKOUT,0,0,0,0,63,STARTER,1,,F:2/2,,,,
2026-07-10,CSPX,1,800.12,ACCUMULATE,781.79,821.67,797.742,78.34,RED,4,14,1,BREAKOUT,0,1,0,1,60,fails,0,G3 leader,F:—,,,,
2026-07-10,D05,0,70.15,ACCUMULATE,68.45,71.95,57.421,99.52,RED,4,64,1,BREAKOUT,0,0,0,0,75,CONVICTION,1,,F:—,,,,
2026-07-10,DDOG,0,269,ACCUMULATE,258.04,271.21,127.455,99.19,RED,4,10,1,BREAKOUT,0,1,0,1,87,CONVICTION,1,,F:2/2,,,,
2026-07-10,DRAM,1,64.36,CAUTION,61.91,65.07,60.41,53.84,RED,3,14,0,,0,0,0,0,59,fails,0,G2 trend;G5 data,F:—,,,,
2026-07-10,DUOL,0,129.95,CAUTION,96.87,101.82,98.8507,70.18,WHITE,0,48,0,,0,0,0,0,30,fails,0,G2 trend;G3 leader,F:2/2,,,,
2026-07-10,ETHA,0,13.19,CAUTION,12.98,13.65,16.0445,16.37,WHITE,0,32,0,BREAKDOWN,0,0,0,1,25,fails,0,G2 trend;G3 leader;G4 basis,F:0/2,,,,
2026-07-10,GOOG,1,356.24,HOLD,332.15,349.1,360.33,69.94,RED,3,15,1,,0,1,0,0,50,fails,0,G1 size;G4 basis,F:2/2,,,,
2026-07-10,GRAB,0,3.88,BOTTOMING,3.55,3.73,3.6237,59.1,WHITE,0,27,0,BREAKOUT,0,0,0,0,25,fails,0,G2 trend;G3 leader,F:2/2,,,,
2026-07-10,HIMS,0,35.45,ACCUMULATE,33.94,35.67,24.0908,77.6,RED,3,2,1,BREAKOUT,0,0,0,1,52,fails,0,G3 leader,F:2/2,,,,
2026-07-10,HOOD,0,115.11,ACCUMULATE,112.95,118.72,76.046,84.02,RED,3,2,1,BREAKOUT,0,0,0,1,54,fails,0,G3 leader,F:2/2,,,,
2026-07-10,IBIT,0,35.81,CAUTION,35.2,37,35.9225,16.27,WHITE,0,34,0,BREAKDOWN,1,1,0,1,18,fails,0,G2 trend;G3 leader;G4 basis,F:0/2,,,,
2026-07-10,INTC,0,112.54,ACCUMULATE,110.48,116.12,45.2035,67.94,RED,4,47,1,,0,0,0,1,70,fails,0,G1 size,F:1/3,,,,
2026-07-10,IOT,0,36.99,ACCUMULATE,36.42,38.28,31.8175,81.47,RED,3,1,1,,0,1,0,1,55,fails,0,G3 leader,F:2/2,,,,
2026-07-10,JPM,0,335.47,ACCUMULATE,325.7,342.32,310.152,94.9,RED,4,6,1,BREAKOUT,0,0,0,1,44,fails,0,G3 leader,F:2/3,,,,
2026-07-10,KLAC,0,229.52,HOLD,184.78,194.2,146.195,75.61,RED,4,61,1,BREAKOUT,0,0,0,0,69,STARTER,1,,F:3/3,,,,
2026-07-10,LLY,0,1216.95,HOLD,1127.8,1185.34,919.232,96.5,RED,4,9,1,,0,0,0,0,54,fails,1,,F:3/3,,,,
2026-07-10,LRCX,0,353.17,HOLD,314.62,330.68,222.314,78.38,RED,4,58,1,BREAKOUT,0,1,0,0,65,fails,0,G1 size,F:3/3,,,,
2026-07-10,MA,0,523.2,BOTTOMING,511.46,537.56,494.824,67.42,WHITE,1,26,0,BREAKOUT,0,0,0,1,33,fails,0,G2 trend;G3 leader,F:3/3,,,,
2026-07-10,MDB,0,362.87,ACCUMULATE,346.04,363.69,322.776,82.96,RED,3,5,1,INSIDE,1,1,1,1,72,STARTER,1,,F:3/3,,,,
2026-07-10,META,0,631.48,BOTTOMING,598.15,628.67,610.358,63.91,WHITE,1,35,1,BREAKOUT,0,1,0,0,35,fails,0,G1 size;G2 trend;G3 leader,F:2/2,,,,
2026-07-10,MRVL,0,243.27,HOLD,198.74,208.87,89.2744,54.04,RED,4,20,1,,0,0,1,0,60,fails,0,G1 size,F:3/3,,,,
2026-07-10,MSFT,0,384.36,CAUTION,375.35,394.51,371.614,28.19,WHITE,0,26,0,,1,1,0,1,10,fails,0,G1 size;G2 trend;G3 leader,F:3/3,,,,
2026-07-10,MU,0,991.64,HOLD,909.66,956.07,415.428,77.06,RED,4,57,1,,0,0,0,0,65,fails,0,G1 size,F:3/3,,,,
2026-07-10,NBIS,0,216.2,HOLD,199.34,209.51,96.2489,70.56,RED,4,23,1,BREAKOUT,0,0,0,0,74,STARTER,1,,F:2/2,,,,
2026-07-10,NET,0,275.8,HOLD,260.48,273.77,197.37,99.77,RED,4,13,1,,0,0,0,0,67,STARTER,1,,F:2/2,,,,
2026-07-10,NFLX,0,75.47,CAUTION,72.25,75.93,93.3606,11.41,WHITE,0,34,0,BREAKDOWN,1,1,0,1,9,fails,0,G2 trend;G3 leader;G4 basis,F:2/3,,,,
2026-07-10,NVDA,1,202.78,ACCUMULATE,195.86,205.86,182.93,70,RED,3,2,1,BREAKOUT,0,0,0,1,40,fails,0,G1 size;G3 leader,F:3/3,,,,
2026-07-10,NVO,0,48.88,BOTTOMING,46.88,49.27,44.0682,73.07,WHITE,1,93,0,BREAKOUT,0,0,0,1,37,fails,0,G2 trend;G3 leader,F:—,,,,
2026-07-10,ONON,0,36.77,BOTTOMING,35.18,36.97,35.8967,39.92,WHITE,0,19,0,BREAKOUT,1,1,0,1,25,fails,0,G2 trend;G3 leader,F:1/1,,,,
2026-07-10,ORCL,0,144.22,CAUTION,139.85,146.98,142.7,11.44,WHITE,0,3,0,BREAKDOWN,1,1,0,1,10,fails,0,G1 size;G2 trend;G3 leader,F:3/3,,,,
2026-07-10,PANW,0,338.31,HOLD,281.46,295.82,166.398,95.24,RED,4,9,1,,0,0,0,0,63,STARTER,1,,F:2/3,,,,
2026-07-10,PLTR,1,129.04,CAUTION,113.64,119.44,136.12,20.6,WHITE,0,22,0,,0,1,0,0,5,fails,0,G1 size;G2 trend;G3 leader;G4 basis,F:2/2,,,,
2026-07-10,QCOM,0,191.11,HOLD,179.02,188.16,131.179,52.34,RED,4,10,1,BREAKOUT,0,0,0,0,39,fails,0,G3 leader,F:3/3,,,,
2026-07-10,RBLX,0,56.43,CAUTION,55.44,58.27,46.9007,51.75,WHITE,0,31,0,,1,0,1,1,22,fails,0,G2 trend;G3 leader,F:2/2,,,,
2026-07-10,RKLB,0,82.55,PULLBACK,69.06,72.59,70.4732,45.64,AMBER,2,1,1,BREAKOUT,0,1,0,0,43,fails,0,G2 trend,F:1/3,,,,
2026-07-10,SE,0,109.11,BOTTOMING,104.12,109.44,89.3319,69.51,WHITE,1,34,0,BREAKOUT,0,0,0,1,30,fails,0,G2 trend;G3 leader,F:2/2,,,,
2026-07-10,SHOP,0,123.17,BOTTOMING,120.92,127.09,112.82,66.98,WHITE,1,22,0,BREAKOUT,1,1,0,1,27,fails,0,G2 trend;G3 leader,F:2/2,,,,
2026-07-10,SNOW,0,267.49,ACCUMULATE,254.59,267.58,237.448,97.68,RED,4,5,1,BREAKOUT,0,1,0,1,58,fails,0,G3 leader,F:3/3,,,,
2026-07-10,SOFI,0,18.62,BOTTOMING,17.53,18.43,17.8915,68.43,WHITE,0,21,0,BREAKOUT,0,0,0,0,27,fails,0,G2 trend;G3 leader,F:2/3,,,,
2026-07-10,TMDX,0,72.19,CAUTION,67.89,71.36,69.2769,35.9,WHITE,0,16,0,BREAKDOWN,0,0,0,0,25,fails,0,G2 trend;G3 leader,F:3/3,,,,
2026-07-10,TOST,0,28.85,CAUTION,27.55,28.95,28.1072,67.77,WHITE,1,40,0,INSIDE,0,0,0,1,35,fails,0,G2 trend;G3 leader,F:2/2,,,,
2026-07-10,TSLA,1,406.55,CAUTION,389.96,409.86,397.921,55.26,WHITE,1,3,1,BREAKDOWN,1,0,1,1,20,fails,0,G1 size;G2 trend;G3 leader,F:1/3,,,,
2026-07-10,TSM,1,436.96,ACCUMULATE,430.02,451.95,438.791,84.5,RED,4,58,1,,0,0,0,1,60,fails,0,G1 size;G4 basis,F:3/3,,,,
2026-07-10,UBER,0,74.35,BOTTOMING,72.8,76.51,74.2829,53.76,WHITE,0,30,0,BREAKOUT,0,0,0,1,28,fails,0,G2 trend;G3 leader,F:3/3,,,,
2026-07-10,V,0,348.2,ACCUMULATE,339.29,356.6,329.468,89.49,RED,4,2,1,,0,0,0,1,44,fails,0,G3 leader,F:2/2,,,,
2026-07-10,VRT,0,323.92,ACCUMULATE,319.15,335.43,313.254,83.77,RED,3,57,1,,0,0,0,1,78,CONVICTION,1,,F:3/3,,,,
2026-07-10,ZS,0,147.12,CAUTION,143.87,151.21,127.394,59.73,WHITE,0,31,0,,1,1,1,1,22,fails,0,G2 trend;G3 leader,F:3/3,,,,
2026-07-13,0700,0,459.6,CAUTION,429.12,451.01,466.711,33.01,WHITE,0,22,0,,0,1,0,0,5,fails,0,G1 size;G2 trend;G3 leader;G4 basis,F:—,,owner-request,,
2026-07-13,1810,0,25.92,CAUTION,25.29,26.58,32.0016,23.61,WHITE,0,40,0,BREAKDOWN,1,1,0,1,9,fails,0,G2 trend;G3 leader;G4 basis,F:—,,owner-request,,
2026-07-13,3690,0,77.1,CAUTION,76.6,80.51,78.1637,23.15,WHITE,0,65,0,,1,1,0,1,9,fails,0,G2 trend;G3 leader;G4 basis,F:—,,owner-request,,
2026-07-13,9992,1,153.6,CAUTION,151.17,158.89,154.259,15.73,WHITE,0,20,0,INSIDE,0,0,0,1,18,fails,0,G2 trend;G3 leader;G4 basis,F:—,,holding,,
2026-07-13,AAL,0,16.95,HOLD,15.51,16.3,15.829,81.85,RED,4,7,1,BREAKOUT,0,0,0,0,53,fails,1,,F:2/3,,shadow-screen,,
2026-07-13,AAOI,0,119.92,ACCUMULATE,116.17,122.1,170.785,36.84,RED,3,33,1,BREAKDOWN,1,1,0,1,68,fails,0,G4 basis,F:1/3,,shadow-screen,,
2026-07-13,AAPL,1,315.32,ACCUMULATE,305.53,321.12,311.764,99.71,RED,4,15,1,BREAKOUT,0,1,0,1,70,fails,0,G1 size,F:2/3,12,holding,3,
2026-07-13,ABBV,0,248.08,ACCUMULATE,244.3,256.76,225.872,86.4,RED,4,5,1,BREAKOUT,0,0,0,1,48,fails,0,G3 leader,F:2/3,,shadow-screen,,
2026-07-13,ABT,0,93.93,CAUTION,92.46,97.18,88.2856,49.21,WHITE,0,37,0,,0,0,0,1,22,fails,0,G2 trend;G3 leader,F:2/3,,shadow-screen,,
2026-07-13,ACN,0,135.23,CAUTION,124.34,130.68,126.877,28.85,WHITE,0,24,0,BREAKDOWN,0,1,0,0,18,fails,0,G2 trend;G3 leader,F:1/2,,shadow-screen,,
2026-07-13,ADBE,0,223.64,CAUTION,221.68,232.99,243.185,27.55,WHITE,0,83,0,,1,1,0,1,13,fails,0,G2 trend;G3 leader;G4 basis,F:3/3,,owner-request,,
2026-07-13,ADI,0,395.65,ACCUMULATE,384.69,404.31,392.536,62.96,RED,3,35,1,BREAKOUT,1,1,0,1,68,STARTER,1,,F:3/3,,shadow-screen,,
2026-07-13,ALAB,0,412.97,ACCUMULATE,396.8,417.04,123.076,92.7,RED,4,12,1,,0,0,0,1,83,CONVICTION,1,,F:3/3,3,owner-request,8,
2026-07-13,AMAT,0,602.5,ACCUMULATE,574.73,604.05,391.467,80.61,RED,4,43,1,BREAKOUT,0,0,0,1,70,fails,0,G1 size,F:2/3,5,owner-request,10,
2026-07-13,AMD,1,557.89,ACCUMULATE,536.23,563.59,215.827,98.71,RED,4,17,1,BREAKOUT,0,0,0,1,70,fails,0,G1 size,F:3/3,4,holding,9,
2026-07-13,AMZN,0,245.34,ACCUMULATE,241.6,253.92,230.099,70.05,RED,3,2,1,BREAKDOWN,1,1,1,1,40,fails,0,G1 size;G3 leader,F:3/3,20,owner-request,2,
2026-07-13,ANET,0,186.96,ACCUMULATE,181.2,190.45,142.771,99.74,RED,4,13,1,BREAKOUT,0,0,0,0,77,CONVICTION,1,,F:3/3,10,owner-request,21,
2026-07-13,APH,0,159.06,ACCUMULATE,156.26,164.23,147.137,85.05,RED,4,7,1,BREAKOUT,0,0,0,1,62,STARTER,1,,F:3/3,,shadow-screen,,
2026-07-13,APP,0,506.98,HOLD,457.04,480.36,466.365,60.96,RED,3,2,1,BREAKOUT,0,1,0,0,53,fails,1,,F:2/2,,owner-request,,
2026-07-13,ARM,0,323.39,HOLD,305.98,321.59,210.673,68.34,RED,4,14,1,,0,0,0,0,69,STARTER,1,,F:3/3,,owner-request,,
2026-07-13,ASML,0,1797.32,ACCUMULATE,1752.77,1842.19,1379.34,81.89,RED,4,47,1,,0,0,0,1,74,STARTER,1,,F:1/1,8,owner-request,13,
2026-07-13,ASTS,0,73.32,CAUTION,72.48,76.18,86.0499,21.96,AMBER,2,1,0,INSIDE,0,0,0,1,33,fails,0,G2 trend;G4 basis,F:0/2,,owner-request,,
2026-07-13,AVGO,1,399.97,ACCUMULATE,390.66,410.59,379.737,74.66,RED,3,1,1,INSIDE,0,0,0,1,55,fails,0,G1 size,F:3/3,14,holding,16,
2026-07-13,AXON,0,565.8,CAUTION,523.73,550.45,393.819,75.75,WHITE,1,35,1,,0,0,0,0,37,fails,0,G2 trend;G3 leader,F:3/3,,owner-request,,
2026-07-13,AXP,0,350.58,ACCUMULATE,334.64,351.72,313.649,83.27,RED,3,2,1,BREAKOUT,0,0,0,1,52,fails,0,G3 leader,F:2/3,,shadow-screen,,
2026-07-13,AXTI,0,57.21,PULLBACK,43.44,45.66,66.8189,33.02,AMBER,2,2,1,,0,1,0,0,52,fails,0,G2 trend;G4 basis,F:0/3,,shadow-screen,,
2026-07-13,AZO,0,3072.64,CAUTION,3016.37,3170.26,3077.93,20.61,WHITE,0,21,0,BREAKDOWN,1,1,1,1,13,fails,0,G2 trend;G3 leader;G4 basis,F:2/3,,shadow-screen,,
2026-07-13,BA,0,222.28,ACCUMULATE,218.65,229.81,217.965,55.03,RED,3,2,1,,0,0,0,1,47,fails,0,G3 leader,F:2/3,,shadow-screen,,
2026-07-13,BAC,0,59.67,ACCUMULATE,58.3,61.27,52.3109,98.48,RED,4,6,1,BREAKOUT,0,0,0,1,48,fails,0,G3 leader,F:2/3,,shadow-screen,,
2026-07-13,BE,0,244.61,HOLD,230.85,242.63,278.421,55.76,RED,3,57,1,BREAKOUT,0,1,0,0,59,fails,0,G4 basis,F:2/3,,shadow-screen,,
2026-07-13,BKNG,0,178.39,BOTTOMING,173.04,181.87,168.127,62.78,WHITE,0,25,0,BREAKOUT,1,0,1,1,23,fails,0,G2 trend;G3 leader,F:2/3,,shadow-screen,,
2026-07-13,BSX,0,44.77,CAUTION,43.71,45.94,44.6055,14.7,WHITE,0,32,0,,1,1,0,1,22,fails,0,G2 trend;G3 leader,F:3/3,,shadow-screen,,
2026-07-13,C,0,140.79,HOLD,130.21,136.85,142.928,84.95,RED,4,17,1,BREAKOUT,0,0,0,0,53,fails,0,G4 basis,F:2/3,,shadow-screen,,
2026-07-13,CAT,0,952.41,HOLD,891.71,937.2,909.906,79.06,RED,4,55,1,BREAKOUT,0,0,0,0,69,STARTER,1,,F:2/3,,shadow-screen,,
2026-07-13,CAVA,0,72.18,CAUTION,71.21,74.84,79.8304,35.62,AMBER,2,2,0,,0,0,0,1,25,fails,0,G2 trend;G3 leader;G4 basis,F:3/3,,owner-request,,
2026-07-13,CBRS,0,215.08,CAUTION,200.88,211.13,218.132,40.6,WHITE,0,9,0,,0,0,0,0,18,fails,0,G2 trend;G3 leader;G4 basis;G5 data,F:—,,shadow-screen,,
2026-07-13,CEG,0,251.38,CAUTION,240.73,253.02,270.626,14.52,WHITE,0,24,0,INSIDE,0,0,0,1,27,fails,0,G2 trend;G3 leader;G4 basis,F:2/3,,shadow-screen,,
2026-07-13,CIEN,0,460.72,HOLD,431.47,453.49,440.28,66.31,RED,3,61,1,BREAKDOWN,0,0,1,0,77,CONVICTION,1,,F:3/3,,shadow-screen,,
2026-07-13,COHR,0,324.5,ACCUMULATE,314.64,330.69,252.107,55.67,RED,3,54,1,BREAKDOWN,1,0,1,1,73,STARTER,1,,F:2/3,,shadow-screen,,
2026-07-13,COIN,0,159.07,CAUTION,154.06,161.92,201.954,13.95,WHITE,0,32,0,BREAKDOWN,0,0,0,1,17,fails,0,G2 trend;G3 leader;G4 basis,F:1/2,,shadow-screen,,
2026-07-13,COST,0,916.25,CAUTION,896.56,942.3,955.223,14.38,WHITE,1,1,0,BREAKDOWN,1,1,0,1,13,fails,0,G2 trend;G3 leader;G4 basis,F:2/3,,owner-request,,
2026-07-13,CRCL,0,66.14,CAUTION,62.12,65.29,82.0741,10.01,WHITE,0,5,0,BREAKDOWN,0,0,0,0,22,fails,0,G2 trend;G3 leader;G4 basis,F:2/2,,shadow-screen,,
2026-07-13,CRDO,0,257.79,ACCUMULATE,247.1,259.71,111.455,88.38,RED,4,12,1,,0,0,0,1,83,CONVICTION,1,,F:3/3,6,owner-request,11,
2026-07-13,CRM,0,163.32,CAUTION,160.48,168.66,183.972,17.26,WHITE,0,69,0,,1,1,0,1,13,fails,0,G2 trend;G3 leader;G4 basis,F:2/3,,owner-request,,
2026-07-13,CRWD,0,187.18,ACCUMULATE,184.76,194.18,104.629,91.6,RED,4,9,1,BREAKOUT,0,0,0,1,68,STARTER,1,,F:2/2,13,owner-request,15,
2026-07-13,CRWV,0,88.88,CAUTION,86.12,90.51,117.292,28.23,AMBER,2,2,0,BREAKDOWN,1,1,0,1,14,fails,0,G2 trend;G3 leader;G4 basis,F:2/2,,shadow-screen,,
2026-07-13,CSCO,0,121.31,ACCUMULATE,116.9,122.86,77.9846,92.49,RED,4,63,1,,0,0,0,1,69,STARTER,1,,F:2/3,,shadow-screen,,
2026-07-13,CSPX,1,813.67,ACCUMULATE,788.92,829.17,805.023,97.52,RED,4,14,1,BREAKOUT,0,1,0,1,60,fails,0,G3 leader,F:—,16,holding,4,
2026-07-13,CVX,0,176.4,PULLBACK,171.11,179.84,189.832,40.82,AMBER,2,4,1,BREAKDOWN,0,0,0,1,23,fails,0,G2 trend;G3 leader;G4 basis,F:1/3,,shadow-screen,,
2026-07-13,D05,0,70.72,ACCUMULATE,68.48,71.97,57.3337,100,RED,4,65,1,BREAKOUT,0,0,0,0,75,CONVICTION,1,,F:—,11,owner-request,22,
2026-07-13,DDOG,0,257.54,HOLD,227.86,239.49,127.455,91.56,RED,4,10,1,BREAKOUT,1,1,1,0,82,CONVICTION,1,,F:2/2,,owner-request,,
2026-07-13,DELL,0,434.97,HOLD,404.82,425.47,118.395,94.37,RED,4,19,1,BREAKOUT,0,0,1,0,69,STARTER,1,,F:2/2,,shadow-screen,,
2026-07-13,DRAM,1,63.04,CAUTION,61,64.12,60.41,50.64,RED,3,14,0,,0,0,0,0,59,fails,0,G2 trend;G5 data,F:—,,holding,,
2026-07-13,DUOL,0,124.76,CAUTION,96.87,101.82,98.8507,65.77,WHITE,0,48,0,,0,0,0,0,30,fails,0,G2 trend;G3 leader,F:2/2,,owner-request,,
2026-07-13,ETHA,0,13.53,CAUTION,12.98,13.65,16.0445,20.99,WHITE,0,32,0,BREAKDOWN,0,0,0,1,25,fails,0,G2 trend;G3 leader;G4 basis,F:0/2,,owner-request,,
2026-07-13,ETN,0,407.28,ACCUMULATE,398.49,418.82,406.625,78.48,RED,3,18,1,,0,0,0,1,62,fails,0,G3 leader,F:3/3,,shadow-screen,,
2026-07-13,FCX,0,61.52,HOLD,56.29,59.17,62.1905,56.72,RED,3,32,1,BREAKDOWN,0,1,0,0,42,fails,0,G3 leader;G4 basis,F:2/3,,shadow-screen,,
2026-07-13,GE,0,359.27,ACCUMULATE,351.32,369.24,283.601,88.44,RED,4,7,1,BREAKDOWN,0,0,0,1,58,fails,1,,F:3/3,,shadow-screen,,
2026-07-13,GEV,0,1091.57,ACCUMULATE,1044.02,1097.29,1065.33,86.55,RED,3,66,1,BREAKOUT,0,0,0,1,74,STARTER,1,,F:2/3,,shadow-screen,,
2026-07-13,GLW,0,190.89,ACCUMULATE,184.81,194.24,188.579,70.34,RED,3,60,1,BREAKOUT,0,0,0,1,74,STARTER,1,,F:3/3,,shadow-screen,,
2026-07-13,GOOG,1,355.03,HOLD,332.15,349.1,360.33,70.12,RED,3,15,1,,0,1,0,0,50,fails,0,G1 size;G4 basis,F:2/2,,holding,,
2026-07-13,GOOGL,0,357.18,HOLD,332.7,349.67,363.885,69.73,RED,3,15,1,,1,1,1,0,50,fails,0,G1 size;G4 basis,F:2/2,,shadow-screen,,
2026-07-13,GRAB,0,3.93,BOTTOMING,3.55,3.73,3.6237,59.04,WHITE,0,27,0,BREAKOUT,0,0,0,0,25,fails,0,G2 trend;G3 leader,F:2/2,,owner-request,,
2026-07-13,GS,0,1055.18,ACCUMULATE,1036.77,1089.67,930.859,86.54,RED,4,15,1,BREAKOUT,0,0,0,1,63,STARTER,1,,F:2/2,,shadow-screen,,
2026-07-13,HD,0,343.3,CAUTION,328.48,345.24,348.297,55.62,WHITE,0,19,0,BREAKDOWN,0,0,0,1,13,fails,0,G2 trend;G3 leader;G4 basis,F:2/3,,shadow-screen,,
2026-07-13,HIMS,0,34.38,ACCUMULATE,33.94,35.67,24.0908,74.09,RED,3,2,1,BREAKOUT,0,0,0,1,52,fails,0,G3 leader,F:2/2,23,owner-request,20,
2026-07-13,HON,0,226.42,CAUTION,219.56,230.77,224.045,38.38,AMBER,2,2,0,,0,0,0,1,22,fails,0,G2 trend;G3 leader,F:2/3,,shadow-screen,,
2026-07-13,HOOD,0,111.97,HOLD,103.35,108.62,76.046,80.66,RED,3,2,1,BREAKOUT,0,0,0,0,49,fails,0,G3 leader,F:2/2,,owner-request,,
2026-07-13,IBIT,0,36.23,CAUTION,35.2,37,35.9225,19.65,WHITE,0,34,0,BREAKDOWN,1,1,0,1,23,fails,0,G2 trend;G3 leader,F:0/2,,owner-request,,
2026-07-13,IBM,0,287.56,HOLD,269.76,283.52,248.024,69.97,RED,3,2,1,,0,0,1,0,43,fails,0,G3 leader,F:2/3,,shadow-screen,,
2026-07-13,INTC,0,109.84,ACCUMULATE,107.43,112.91,45.2035,64.97,RED,4,47,1,,0,0,0,1,70,fails,0,G1 size,F:1/3,2,owner-request,7,
2026-07-13,INTU,0,274.96,CAUTION,259.23,272.46,264.525,21.17,WHITE,0,40,0,,0,1,0,0,22,fails,0,G2 trend;G3 leader,F:3/3,,shadow-screen,,
2026-07-13,IONQ,0,42.86,BOTTOMING,36.63,38.5,50.3,29.28,AMBER,2,1,0,BREAKOUT,0,0,0,0,17,fails,0,G2 trend;G3 leader;G4 basis,F:1/3,,shadow-screen,,
2026-07-13,IOT,0,36.72,ACCUMULATE,36.42,38.28,31.8175,81.16,RED,3,1,1,,0,1,0,1,55,fails,0,G3 leader,F:2/2,22,owner-request,5,
2026-07-13,IREN,0,41.14,CAUTION,34.14,35.88,41.7894,18.24,AMBER,2,2,0,BREAKDOWN,0,0,0,0,33,fails,0,G2 trend;G4 basis,F:2/2,,shadow-screen,,
2026-07-13,ISRG,0,406.78,CAUTION,395.41,415.59,403.484,9.09,WHITE,0,23,0,,1,1,0,1,22,fails,0,G2 trend;G3 leader,F:3/3,,shadow-screen,,
2026-07-13,JNJ,0,256.98,ACCUMULATE,253,265.91,230.268,93.79,RED,4,52,1,BREAKOUT,0,0,0,0,68,STARTER,1,,F:2/3,,shadow-screen,,
2026-07-13,JPM,0,336.47,ACCUMULATE,325.7,342.32,310.152,97.2,RED,4,6,1,BREAKOUT,0,0,0,1,44,fails,0,G3 leader,F:2/3,18,owner-request,18,
2026-07-13,KLAC,0,231.52,HOLD,184.78,194.2,146.195,76.23,RED,4,61,1,BREAKOUT,0,0,0,0,69,STARTER,1,,F:3/3,,owner-request,,
2026-07-13,KO,0,83.49,HOLD,79.37,83.42,78.9962,96.31,RED,4,27,1,BREAKOUT,0,1,0,0,53,fails,0,G3 leader,F:2/3,,shadow-screen,,
2026-07-13,LIN,0,529.79,HOLD,503.4,529.08,497.007,95.5,RED,4,22,1,,0,0,0,0,57,fails,0,G3 leader,F:2/3,,shadow-screen,,
2026-07-13,LITE,0,802.01,ACCUMULATE,785.19,825.25,871.238,50.61,RED,3,58,1,INSIDE,1,1,1,1,69,fails,0,G4 basis,F:2/3,,shadow-screen,,
2026-07-13,LLY,0,1188.58,HOLD,1127.8,1185.34,919.232,91.87,RED,4,9,1,,0,0,0,0,54,fails,1,,F:3/3,,owner-request,,
2026-07-13,LRCX,0,350.33,HOLD,314.62,330.68,222.314,77.75,RED,4,58,1,BREAKOUT,0,1,0,0,65,fails,0,G1 size,F:3/3,,owner-request,,
2026-07-13,MA,0,526.74,BOTTOMING,511.46,537.56,494.824,69.97,WHITE,1,26,1,BREAKOUT,0,0,0,1,43,fails,0,G2 trend;G3 leader,F:3/3,,owner-request,,
2026-07-13,MCD,0,274.6,CAUTION,264.49,277.99,276.096,13.74,WHITE,0,15,0,,1,1,0,1,17,fails,0,G2 trend;G3 leader;G4 basis,F:2/3,,shadow-screen,,
2026-07-13,MCHP,0,88.59,HOLD,82.4,86.6,90.0586,55.06,RED,3,13,1,,0,0,0,0,47,fails,0,G3 leader;G4 basis,F:2/3,,shadow-screen,,
2026-07-13,MDB,0,342.08,HOLD,316.32,332.46,322.776,70.99,RED,3,5,1,BREAKDOWN,1,1,1,0,57,fails,1,,F:3/3,,owner-request,,
2026-07-13,META,0,669.21,BOTTOMING,655.98,689.45,610.358,81.71,WHITE,1,35,1,BREAKOUT,0,1,0,1,25,fails,0,G1 size;G2 trend;G3 leader,F:2/2,,owner-request,,
2026-07-13,MPWR,0,1352.74,ACCUMULATE,1328,1395.76,1555.19,52.22,RED,3,56,1,INSIDE,1,1,0,1,68,fails,0,G4 basis,F:3/3,,shadow-screen,,
2026-07-13,MRK,0,123.54,ACCUMULATE,118.14,124.17,120.554,89.17,RED,4,36,1,,0,1,0,0,67,STARTER,1,,F:2/3,,shadow-screen,,
2026-07-13,MRVL,0,235.81,HOLD,198.74,208.87,89.2744,53.69,RED,4,20,1,,0,0,1,0,60,fails,0,G1 size,F:3/3,,owner-request,,
2026-07-13,MS,0,222.28,HOLD,209.42,220.1,190.879,92.4,RED,4,15,1,BREAKOUT,0,0,0,0,67,STARTER,1,,F:2/3,,shadow-screen,,
2026-07-13,MSFT,0,385.1,CAUTION,378.15,397.44,371.614,28.23,WHITE,0,26,0,,1,1,1,1,10,fails,0,G1 size;G2 trend;G3 leader,F:3/3,,owner-request,,
2026-07-13,MSTR,0,94.64,CAUTION,93.03,97.77,125.827,9.6,WHITE,0,40,0,BREAKDOWN,1,1,0,1,13,fails,0,G2 trend;G3 leader;G4 basis,F:0/2,,shadow-screen,,
2026-07-13,MU,1,979.3,HOLD,909.66,956.07,415.428,75.97,RED,4,57,1,,0,0,0,0,65,fails,0,G1 size,F:3/3,,holding,,
2026-07-13,NBIS,0,219.65,ACCUMULATE,215.68,226.69,96.2489,72.41,RED,4,23,1,BREAKOUT,0,0,0,1,79,CONVICTION,1,,F:2/2,1,owner-request,6,
2026-07-13,NEE,0,87.96,ACCUMULATE,86.03,90.42,87.785,55.04,RED,3,3,1,INSIDE,1,1,1,1,52,fails,0,G3 leader,F:2/3,,shadow-screen,,
2026-07-13,NET,0,268.4,HOLD,237.86,249.99,198.205,96.48,RED,4,13,1,,0,0,0,0,57,fails,0,G3 leader,F:2/2,,owner-request,,
2026-07-13,NFLX,0,73.37,CAUTION,72.25,75.93,93.3606,5.59,WHITE,0,34,0,BREAKDOWN,1,1,0,1,9,fails,0,G2 trend;G3 leader;G4 basis,F:2/3,,owner-request,,
2026-07-13,NKE,0,44.37,CAUTION,42.04,44.18,42.8979,46.26,WHITE,0,40,0,INSIDE,0,1,0,0,27,fails,0,G2 trend;G3 leader,F:2/3,,shadow-screen,,
2026-07-13,NOW,0,107.71,CAUTION,99.1,104.16,101.126,62.64,WHITE,0,50,0,,0,0,0,0,23,fails,0,G2 trend;G3 leader,F:2/3,,shadow-screen,,
2026-07-13,NVDA,1,210.96,ACCUMULATE,205.08,215.54,182.93,80.76,RED,3,2,1,BREAKOUT,0,0,0,0,40,fails,0,G1 size;G3 leader,F:3/3,15,holding,23,
2026-07-13,NVO,0,49.48,BOTTOMING,46.88,49.27,44.0682,72.97,WHITE,1,93,0,BREAKOUT,0,0,0,0,37,fails,0,G2 trend;G3 leader,F:—,,owner-request,,
2026-07-13,NXPI,0,292.26,HOLD,274.58,288.59,294.045,64.3,RED,4,11,1,,0,0,0,0,52,fails,0,G3 leader;G4 basis,F:2/3,,shadow-screen,,
2026-07-13,ON,0,95.96,ACCUMULATE,91.92,96.61,60.9055,57.61,RED,3,31,1,BREAKOUT,1,1,0,1,67,STARTER,1,,F:2/3,,shadow-screen,,
2026-07-13,ONON,0,38.54,BOTTOMING,35.18,36.97,35.8967,54.96,WHITE,0,19,0,BREAKOUT,0,1,0,0,25,fails,0,G2 trend;G3 leader,F:1/1,,owner-request,,
2026-07-13,ORCL,0,140.64,CAUTION,139.85,146.98,142.7,6.62,WHITE,0,3,0,BREAKDOWN,1,1,0,1,5,fails,0,G1 size;G2 trend;G3 leader;G4 basis,F:3/3,,owner-request,,
2026-07-13,PANW,0,325.91,HOLD,281.46,295.82,166.398,92.57,RED,4,9,1,,0,0,0,0,63,STARTER,1,,F:2/3,,owner-request,,
2026-07-13,PEP,0,137.38,CAUTION,133.82,140.65,142.322,7.87,WHITE,0,7,0,BREAKDOWN,1,1,0,1,17,fails,0,G2 trend;G3 leader;G4 basis,F:2/3,,shadow-screen,,
2026-07-13,PFE,0,24.17,CAUTION,23.67,24.87,25.8488,15.83,WHITE,0,4,0,BREAKDOWN,1,1,0,1,17,fails,0,G2 trend;G3 leader;G4 basis,F:2/3,,shadow-screen,,
2026-07-13,PG,0,147.04,CAUTION,141.38,148.59,144.267,44.86,WHITE,1,1,0,,0,0,0,0,22,fails,0,G2 trend;G3 leader,F:2/3,,shadow-screen,,
2026-07-13,PLTR,1,126.79,CAUTION,113.64,119.44,136.12,17.69,WHITE,0,22,0,,0,1,0,0,5,fails,0,G1 size;G2 trend;G3 leader;G4 basis,F:2/2,,holding,,
2026-07-13,QCOM,0,189.16,ACCUMULATE,185.49,194.96,131.179,50.12,RED,4,10,1,BREAKOUT,0,0,0,1,44,fails,0,G3 leader,F:3/3,17,owner-request,17,
2026-07-13,RBLX,0,55.35,CAUTION,45.96,48.31,46.9007,46.96,WHITE,0,31,0,,0,0,1,0,22,fails,0,G2 trend;G3 leader,F:2/2,,owner-request,,
2026-07-13,RDDT,1,195.34,HOLD,167.98,176.55,142.753,77.78,RED,3,1,1,BREAKOUT,0,0,0,0,52,fails,0,G3 leader,F:2/2,,holding,,
2026-07-13,RKLB,0,81.04,PULLBACK,69.06,72.59,70.4732,43.81,AMBER,2,1,1,BREAKOUT,0,1,0,0,43,fails,0,G2 trend,F:1/3,,owner-request,,
2026-07-13,RTX,0,195.93,ACCUMULATE,192.93,202.77,176.191,73.01,RED,4,4,1,BREAKOUT,0,0,0,1,52,fails,0,G3 leader,F:2/3,,shadow-screen,,
2026-07-13,SCHW,0,103.12,ACCUMULATE,99.99,105.09,92.6562,96.13,RED,4,1,1,,0,1,0,1,52,fails,0,G3 leader,F:3/3,,shadow-screen,,
2026-07-13,SE,0,111.14,BOTTOMING,104.12,109.44,89.3319,68.13,WHITE,1,34,1,BREAKOUT,0,0,0,0,40,fails,0,G2 trend;G3 leader,F:2/2,,owner-request,,
2026-07-13,SHOP,0,122.54,CAUTION,115.74,121.65,112.82,66.59,WHITE,1,22,0,INSIDE,0,1,0,0,32,fails,0,G2 trend;G3 leader,F:2/2,,owner-request,,
2026-07-13,SMCI,0,28.31,CAUTION,21.29,22.38,30.6991,20,WHITE,0,4,0,,0,1,0,0,13,fails,0,G2 trend;G3 leader;G4 basis,F:3/3,,shadow-screen,,
2026-07-13,SNDK,0,1915.92,HOLD,1613.81,1696.15,638.592,88.25,RED,4,56,1,BREAKOUT,0,0,1,0,70,fails,0,G1 size,F:3/3,,shadow-screen,,
2026-07-13,SNOW,0,261.45,ACCUMULATE,254.59,267.58,237.448,92.51,RED,4,5,1,INSIDE,1,1,1,1,53,fails,0,G3 leader,F:3/3,19,owner-request,1,
2026-07-13,SOFI,0,18.78,BOTTOMING,17.53,18.43,17.8915,67.52,WHITE,0,21,0,BREAKOUT,0,0,0,0,23,fails,0,G2 trend;G3 leader,F:2/3,,owner-request,,
2026-07-13,SPCX,0,145.3,CAUTION,,,158.834,0,WHITE,0,1,0,,0,0,0,0,10,fails,0,G1 size;G2 trend;G3 leader;G4 basis;G5 data,F:—,,shadow-screen,,
2026-07-13,STX,0,910.34,ACCUMULATE,893.54,939.13,408.74,81.04,RED,4,60,1,BREAKOUT,0,0,0,1,74,STARTER,1,,F:3/3,,shadow-screen,,
2026-07-13,T,0,21.13,CAUTION,20.44,21.49,22.6325,12.92,WHITE,0,12,0,BREAKDOWN,1,1,0,1,13,fails,0,G2 trend;G3 leader;G4 basis,F:2/3,,shadow-screen,,
2026-07-13,TER,0,359.6,HOLD,338.53,355.8,429.866,58.16,RED,3,48,1,INSIDE,0,0,0,0,68,fails,0,G4 basis,F:2/3,,shadow-screen,,
2026-07-13,TMDX,0,71.23,CAUTION,67.89,71.36,69.2769,31.27,WHITE,0,16,0,BREAKDOWN,0,0,0,1,25,fails,0,G2 trend;G3 leader,F:3/3,,owner-request,,
2026-07-13,TMO,0,527.05,BOTTOMING,514.81,541.07,472.719,78.2,WHITE,1,12,1,BREAKOUT,0,0,0,1,47,fails,0,G2 trend;G3 leader,F:2/3,,shadow-screen,,
2026-07-13,TMUS,0,187.61,CAUTION,183.08,192.42,186.813,34.24,WHITE,0,43,0,,0,0,0,0,22,fails,0,G2 trend;G3 leader,F:2/3,,shadow-screen,,
2026-07-13,TOST,0,29.32,CAUTION,27.55,28.95,28.1072,73.65,WHITE,1,40,0,INSIDE,0,0,0,0,35,fails,0,G2 trend;G3 leader,F:2/2,,owner-request,,
2026-07-13,TSLA,1,407.76,CAUTION,389.96,409.86,397.921,55.12,WHITE,1,3,1,BREAKDOWN,1,0,1,1,20,fails,0,G1 size;G2 trend;G3 leader,F:1/3,,holding,,
2026-07-13,TSM,1,434.11,ACCUMULATE,426.59,448.35,435.295,80.95,RED,4,58,1,,0,0,0,1,60,fails,0,G1 size;G4 basis,F:3/3,9,holding,14,
2026-07-13,TXN,0,311.46,ACCUMULATE,297.96,313.16,292.688,90.83,RED,4,14,1,,1,1,0,1,64,STARTER,1,,F:3/3,,shadow-screen,,
2026-07-13,UBER,0,74.54,BOTTOMING,72.8,76.51,74.2829,53.54,WHITE,0,30,0,BREAKOUT,0,0,0,1,28,fails,0,G2 trend;G3 leader,F:3/3,,owner-request,,
2026-07-13,UNH,0,424.62,ACCUMULATE,415.92,437.14,289.068,95.94,RED,4,10,1,BREAKOUT,0,0,0,1,78,CONVICTION,1,,F:3/3,,shadow-screen,,
2026-07-13,V,0,348.97,ACCUMULATE,340.93,358.32,329.468,89.34,RED,4,2,1,,0,0,0,1,44,fails,0,G3 leader,F:2/2,21,owner-request,19,
2026-07-13,VRT,0,318.86,ACCUMULATE,306.99,322.65,313.254,78.06,RED,3,57,1,,0,0,0,1,78,CONVICTION,1,,F:3/3,7,owner-request,12,
2026-07-13,VZ,0,42.12,CAUTION,41.21,43.31,47.3902,23.94,WHITE,1,1,0,BREAKDOWN,1,1,0,1,13,fails,0,G2 trend;G3 leader;G4 basis,F:2/3,,shadow-screen,,
2026-07-13,WDC,0,582.59,HOLD,520.4,546.95,284.844,79.37,RED,4,58,1,BREAKOUT,0,0,0,0,65,fails,0,G1 size,F:3/3,,shadow-screen,,
2026-07-13,WFC,0,87.16,ACCUMULATE,84.83,89.16,81.3511,85.73,RED,3,1,1,BREAKOUT,0,0,0,1,52,fails,0,G3 leader,F:2/3,,shadow-screen,,
2026-07-13,WMT,0,113.9,CAUTION,111.67,117.36,118.748,25.04,WHITE,1,1,0,BREAKDOWN,1,1,0,1,13,fails,0,G2 trend;G3 leader;G4 basis,F:2/3,,shadow-screen,,
2026-07-13,XOM,0,138.88,PULLBACK,133.8,140.62,151.03,37.19,AMBER,2,4,1,INSIDE,1,1,0,1,28,fails,0,G2 trend;G3 leader;G4 basis,F:—,,shadow-screen,,
2026-07-13,ZETA,0,21.49,ACCUMULATE,20.86,21.93,18.4446,84.05,RED,4,7,1,,1,1,0,1,55,fails,0,G3 leader,F:2/2,,shadow-screen,,
2026-07-13,ZS,0,139.27,CAUTION,131.98,138.71,127.394,43.69,WHITE,0,31,0,,1,1,1,0,22,fails,0,G2 trend;G3 leader,F:3/3,,owner-request,,
2026-07-14,0700,0,447.6,CAUTION,429.12,451.01,466.711,23.12,WHITE,0,22,0,,1,1,0,1,5,fails,0,G1 size;G2 trend;G3 leader;G4 basis,F:—,,owner-request,,NEUTRAL
2026-07-14,1810,0,25.5,CAUTION,25.29,26.58,32.0016,20.94,WHITE,0,40,0,BREAKDOWN,1,1,0,1,9,fails,0,G2 trend;G3 leader;G4 basis,F:—,,owner-request,,RED
2026-07-14,3690,0,77.85,CAUTION,76.32,80.22,77.8804,21.62,WHITE,0,65,0,,1,1,0,1,9,fails,0,G2 trend;G3 leader;G4 basis,F:—,,owner-request,,RED
2026-07-14,9992,1,152,CAUTION,151.17,158.89,154.259,15.87,WHITE,0,20,0,INSIDE,0,0,0,1,18,fails,0,G2 trend;G3 leader;G4 basis,F:—,,holding,,YELLOW
2026-07-14,AAL,0,16.31,HOLD,15.51,16.3,15.829,75.22,RED,4,8,1,BREAKOUT,0,0,0,0,48,fails,0,G3 leader,F:2/3,,shadow-screen,,YELLOW
2026-07-14,AAOI,0,111.88,PULLBACK,95.31,100.18,170.785,32.51,AMBER,2,1,1,BREAKDOWN,0,1,0,0,48,fails,0,G2 trend;G4 basis,F:1/3,,shadow-screen,,YELLOW
2026-07-14,AAPL,1,317.31,ACCUMULATE,304.78,320.32,310.995,98.96,RED,4,16,1,BREAKOUT,0,1,0,1,70,fails,0,G1 size,F:2/3,10,holding,3,RED
2026-07-14,ABBV,0,248,ACCUMULATE,244.3,256.76,225.872,86.42,RED,4,6,1,BREAKOUT,0,0,0,1,48,fails,0,G3 leader,F:2/3,,shadow-screen,,YELLOW
2026-07-14,ABT,0,92.11,CAUTION,89,93.54,88.2856,40.42,WHITE,0,38,0,,0,0,0,0,22,fails,0,G2 trend;G3 leader,F:2/3,,shadow-screen,,NEUTRAL
2026-07-14,ACN,0,138.52,CAUTION,124.34,130.68,126.877,31.08,WHITE,0,25,0,BREAKDOWN,0,1,0,0,18,fails,0,G2 trend;G3 leader,F:1/2,,shadow-screen,,RED
2026-07-14,ADBE,0,230.61,CAUTION,221.68,232.99,243.185,33.03,WHITE,0,84,0,,1,1,0,1,13,fails,0,G2 trend;G3 leader;G4 basis,F:3/3,,owner-request,,RED
2026-07-14,ADI,0,386.01,HOLD,343.86,361.41,392.536,50.49,RED,3,36,1,BREAKOUT,0,1,0,0,53,fails,0,G4 basis,F:3/3,,shadow-screen,,YELLOW
2026-07-14,ALAB,0,362.05,HOLD,207.63,218.22,123.076,77.46,RED,4,13,1,,0,0,0,0,78,CONVICTION,1,,F:3/3,,owner-request,,YELLOW
2026-07-14,AMAT,0,575.39,HOLD,432.78,454.86,391.467,74.14,RED,4,44,1,BREAKOUT,0,0,0,0,65,fails,0,G1 size,F:2/3,,owner-request,,YELLOW
2026-07-14,AMD,1,534.39,ACCUMULATE,523.24,549.94,215.827,93.42,RED,4,18,1,BREAKOUT,0,0,0,1,70,fails,0,G1 size,F:3/3,2,holding,7,YELLOW
2026-07-14,AMZN,0,247.31,ACCUMULATE,241.6,253.92,230.099,73.45,RED,3,3,1,BREAKDOWN,1,1,1,1,40,fails,0,G1 size;G3 leader,F:3/3,17,owner-request,1,RED
2026-07-14,ANET,0,181.15,HOLD,161.94,170.2,142.771,97.1,RED,4,14,1,BREAKOUT,0,0,0,0,67,STARTER,1,,F:3/3,,owner-request,,RED
2026-07-14,APH,0,155.99,HOLD,144.19,151.55,147.137,82.53,RED,4,8,1,BREAKOUT,0,0,0,0,62,STARTER,1,,F:3/3,,shadow-screen,,YELLOW
2026-07-14,APP,0,442.85,CAUTION,378.85,398.18,466.365,25.98,WHITE,0,1,0,BREAKDOWN,0,1,0,0,13,fails,0,G2 trend;G3 leader;G4 basis,F:2/2,,owner-request,,YELLOW
2026-07-14,ARM,0,298.99,HOLD,206.46,216.99,210.673,61.13,RED,4,15,1,,0,0,0,0,69,STARTER,1,,F:3/3,,owner-request,,YELLOW
2026-07-14,ASML,0,1726.04,HOLD,1485.42,1561.21,1379.34,71.04,RED,4,48,1,,0,0,0,0,64,STARTER,1,,F:1/1,,owner-request,,YELLOW
2026-07-14,ASTS,0,67.58,CAUTION,,,86.0499,12.37,WHITE,1,1,0,BREAKDOWN,0,0,0,0,23,fails,0,G2 trend;G4 basis,F:0/2,,owner-request,,YELLOW
2026-07-14,AVGO,1,384.05,ACCUMULATE,372.14,391.13,379.737,62.33,RED,3,2,1,BREAKDOWN,0,0,0,1,40,fails,0,G1 size;G3 leader,F:3/3,12,holding,12,NEUTRAL
2026-07-14,AXON,0,547.03,CAUTION,536.85,564.24,393.819,70.57,WHITE,1,36,1,,0,0,0,1,37,fails,0,G2 trend;G3 leader,F:3/3,,owner-request,,NEUTRAL
2026-07-14,AXP,0,354.43,HOLD,334.64,351.72,313.649,86.49,RED,3,3,1,BREAKOUT,0,0,0,0,47,fails,0,G3 leader,F:2/3,,shadow-screen,,RED
2026-07-14,AXTI,0,50.46,PULLBACK,50.4,52.98,66.8189,28.41,AMBER,2,3,1,,1,1,0,1,52,fails,0,G2 trend;G4 basis,F:0/3,,shadow-screen,,YELLOW
2026-07-14,AZO,0,3078.98,CAUTION,3016.37,3170.26,3077.93,29.48,WHITE,0,22,0,BREAKDOWN,1,1,1,1,18,fails,0,G2 trend;G3 leader,F:2/3,,shadow-screen,,RED
2026-07-14,BA,0,215.51,CAUTION,204.77,215.22,217.965,31.94,AMBER,2,1,0,,0,0,0,0,17,fails,0,G2 trend;G3 leader;G4 basis,F:2/3,,shadow-screen,,YELLOW
2026-07-14,BAC,0,59.5,ACCUMULATE,58.3,61.27,52.3109,98.22,RED,4,7,1,BREAKOUT,0,0,0,1,48,fails,0,G3 leader,F:2/3,,shadow-screen,,NEUTRAL
2026-07-14,BE,0,233.49,ACCUMULATE,230.85,242.63,278.421,52.28,RED,3,58,1,INSIDE,1,1,0,1,69,fails,0,G4 basis,F:2/3,,shadow-screen,,YELLOW
2026-07-14,BKNG,0,175.8,BOTTOMING,173.04,181.87,168.127,55.47,WHITE,0,26,0,BREAKOUT,1,0,1,1,18,fails,0,G2 trend;G3 leader,F:2/3,,shadow-screen,,YELLOW
2026-07-14,BSX,0,44.65,CAUTION,43.71,45.94,44.6055,14.99,WHITE,0,33,0,,0,0,0,1,22,fails,0,G2 trend;G3 leader,F:3/3,,shadow-screen,,NEUTRAL
2026-07-14,C,0,140.71,HOLD,130.21,136.85,142.928,85,RED,4,18,1,BREAKOUT,0,0,0,0,53,fails,0,G4 basis,F:2/3,,shadow-screen,,NEUTRAL
2026-07-14,CAT,0,931.47,ACCUMULATE,891.71,937.2,909.906,73.99,RED,3,56,1,BREAKOUT,0,0,0,0,74,STARTER,1,,F:2/3,,shadow-screen,,YELLOW
2026-07-14,CAVA,0,72.54,CAUTION,71.21,74.84,79.8304,35.75,AMBER,2,3,0,,0,0,0,1,25,fails,0,G2 trend;G3 leader;G4 basis,F:3/3,,owner-request,,YELLOW
2026-07-14,CBRS,0,204.62,CAUTION,195.35,205.32,218.132,27.29,WHITE,0,10,0,,0,0,0,0,18,fails,0,G2 trend;G3 leader;G4 basis;G5 data,F:—,,shadow-screen,,RED
2026-07-14,CEG,0,257.57,CAUTION,252.97,265.88,270.626,19.65,WHITE,0,25,0,INSIDE,0,0,0,1,27,fails,0,G2 trend;G3 leader;G4 basis,F:2/3,,shadow-screen,,RED
2026-07-14,CIEN,0,445.44,ACCUMULATE,431.47,453.49,440.28,59.54,RED,3,62,1,BREAKDOWN,1,0,1,1,77,CONVICTION,1,,F:3/3,,shadow-screen,,NEUTRAL
2026-07-14,COHR,0,307.39,HOLD,247.06,259.67,252.107,50.4,RED,3,55,1,BREAKDOWN,0,0,1,0,68,STARTER,1,,F:2/3,,shadow-screen,,YELLOW
2026-07-14,COIN,0,157.37,CAUTION,154.06,161.92,201.954,14.34,WHITE,0,33,0,BREAKDOWN,0,0,0,1,17,fails,0,G2 trend;G3 leader;G4 basis,F:1/2,,shadow-screen,,NEUTRAL
2026-07-14,COST,0,926.43,CAUTION,897.07,942.84,955.627,17.27,WHITE,1,2,0,BREAKDOWN,1,1,0,1,13,fails,0,G2 trend;G3 leader;G4 basis,F:2/3,,owner-request,,YELLOW
2026-07-14,CRCL,0,63,CAUTION,62.12,65.29,82.0741,4.4,WHITE,0,6,0,BREAKDOWN,0,0,0,1,22,fails,0,G2 trend;G3 leader;G4 basis,F:2/2,,shadow-screen,,NEUTRAL
2026-07-14,CRDO,0,236.88,ACCUMULATE,229.87,241.59,247.119,71.34,RED,4,13,1,,0,0,0,1,78,fails,0,G4 basis,F:3/3,4,owner-request,8,YELLOW
2026-07-14,CRM,0,171.22,CAUTION,162.46,170.75,183.972,29.4,WHITE,0,70,0,,0,1,0,0,13,fails,0,G2 trend;G3 leader;G4 basis,F:2/3,,owner-request,,RED
2026-07-14,CRWD,0,187.91,ACCUMULATE,184.76,194.18,104.629,91.61,RED,4,10,1,BREAKOUT,0,0,0,1,68,STARTER,1,,F:2/2,8,owner-request,10,YELLOW
2026-07-14,CRWV,0,83.31,CAUTION,81.1,85.24,117.292,19.23,WHITE,1,1,0,BREAKDOWN,1,1,0,1,18,fails,0,G2 trend;G3 leader;G4 basis,F:2/2,,shadow-screen,,YELLOW
2026-07-14,CSCO,0,119.25,ACCUMULATE,116.15,122.07,77.9846,81.88,RED,4,64,1,,0,0,0,1,73,STARTER,1,,F:2/3,,shadow-screen,,NEUTRAL
2026-07-14,CSPX,1,813.67,ACCUMULATE,788.92,829.17,805.023,97.52,RED,4,14,1,BREAKOUT,0,1,0,1,60,fails,0,G3 leader,F:—,14,holding,4,RED
2026-07-14,CVX,0,182.2,ACCUMULATE,178.07,187.16,189.832,50.24,RED,3,1,1,BREAKDOWN,0,0,0,0,38,fails,0,G3 leader;G4 basis,F:1/3,,shadow-screen,,RED
2026-07-14,D05,0,71.01,ACCUMULATE,68.32,71.81,57.3773,99.9,RED,4,65,1,BREAKOUT,0,0,0,0,75,CONVICTION,1,,F:—,7,owner-request,19,RED
2026-07-14,DDOG,0,260.24,HOLD,227.86,239.49,127.455,93.47,RED,4,11,1,BREAKOUT,0,0,1,0,72,STARTER,1,,F:2/2,,owner-request,,RED
2026-07-14,DELL,0,427.11,HOLD,404.82,425.47,118.395,90.23,RED,4,20,1,BREAKOUT,0,0,0,0,69,STARTER,1,,F:2/2,,shadow-screen,,NEUTRAL
2026-07-14,DRAM,1,57.3,CAUTION,56.5,59.38,60.41,25.67,RED,3,15,0,,0,0,0,0,49,fails,0,G2 trend;G4 basis;G5 data,F:—,,holding,,YELLOW
2026-07-14,DUOL,0,132.34,CAUTION,96.87,101.82,98.8507,73.13,WHITE,0,49,0,,0,0,0,0,30,fails,0,G2 trend;G3 leader,F:2/2,,owner-request,,RED
2026-07-14,ETHA,0,13.37,CAUTION,12.98,13.65,16.0445,18.93,WHITE,0,33,0,BREAKDOWN,0,0,0,1,25,fails,0,G2 trend;G3 leader;G4 basis,F:0/2,,owner-request,,RED
2026-07-14,ETN,0,402.85,ACCUMULATE,395.93,416.13,404.007,67.98,RED,3,19,1,,0,0,0,1,57,fails,0,G3 leader;G4 basis,F:3/3,,shadow-screen,,YELLOW
2026-07-14,FCX,0,59.97,HOLD,56.29,59.17,61.3992,43.51,RED,3,33,1,BREAKDOWN,0,1,0,0,42,fails,0,G3 leader;G4 basis,F:2/3,,shadow-screen,,YELLOW
2026-07-14,GE,0,353.42,HOLD,334.38,351.44,283.601,84.76,RED,4,8,1,BREAKDOWN,0,0,0,0,48,fails,0,G3 leader,F:3/3,,shadow-screen,,YELLOW
2026-07-14,GEV,0,1042.6,HOLD,982.23,1032.34,1065.33,70.78,RED,3,67,1,BREAKOUT,0,0,0,0,64,fails,0,G4 basis,F:2/3,,shadow-screen,,YELLOW
2026-07-14,GLW,0,183.11,HOLD,156.62,164.61,188.579,58.09,RED,3,61,1,BREAKOUT,0,0,0,0,59,fails,0,G4 basis,F:3/3,,shadow-screen,,YELLOW
2026-07-14,GOOG,1,350.67,HOLD,332.15,349.1,360.33,65.13,RED,3,16,1,,0,1,0,0,50,fails,0,G1 size;G4 basis,F:2/2,,holding,,NEUTRAL
2026-07-14,GOOGL,0,352.51,HOLD,332.7,349.67,363.885,65.33,RED,3,16,1,,1,1,1,0,50,fails,0,G1 size;G4 basis,F:2/2,,shadow-screen,,NEUTRAL
2026-07-14,GRAB,0,3.94,BOTTOMING,3.55,3.73,3.6237,58.97,WHITE,0,28,0,BREAKOUT,0,0,0,0,25,fails,0,G2 trend;G3 leader,F:2/2,,owner-request,,RED
2026-07-14,GS,0,1045.91,ACCUMULATE,1029.86,1082.4,930.859,84.19,RED,4,16,1,BREAKOUT,0,0,0,1,63,STARTER,1,,F:2/2,,shadow-screen,,NEUTRAL
2026-07-14,HD,0,337.11,CAUTION,328.48,345.24,348.297,48.52,WHITE,0,20,0,BREAKDOWN,0,0,0,1,13,fails,0,G2 trend;G3 leader;G4 basis,F:2/3,,shadow-screen,,YELLOW
2026-07-14,HIMS,0,34.38,ACCUMULATE,33.94,35.67,24.0908,73.99,RED,3,3,1,BREAKOUT,0,0,0,1,52,fails,0,G3 leader,F:2/2,20,owner-request,17,YELLOW
2026-07-14,HON,0,222.25,CAUTION,210.2,220.92,224.045,25.36,AMBER,2,3,0,,0,0,0,0,17,fails,0,G2 trend;G3 leader;G4 basis,F:2/3,,shadow-screen,,YELLOW
2026-07-14,HOOD,0,109.86,HOLD,103.35,108.62,76.046,78.09,RED,3,3,1,BREAKOUT,0,0,0,0,39,fails,0,G3 leader,F:2/2,,owner-request,,RED
2026-07-14,IBIT,0,35.22,CAUTION,34.39,36.15,35.9225,13.7,WHITE,0,35,0,BREAKDOWN,1,1,0,1,18,fails,0,G2 trend;G3 leader;G4 basis,F:0/2,,owner-request,,NEUTRAL
2026-07-14,IBM,0,290.23,HOLD,269.76,283.52,248.024,73.23,RED,3,3,1,,0,0,1,0,43,fails,0,G3 leader,F:2/3,,shadow-screen,,RED
2026-07-14,INTC,0,103.12,HOLD,44.3,46.56,45.2035,55.17,RED,3,48,1,,0,0,0,0,60,fails,0,G1 size,F:1/3,,owner-request,,YELLOW
2026-07-14,INTU,0,289.76,CAUTION,259.23,272.46,264.525,29.09,WHITE,0,41,0,,0,1,0,0,22,fails,0,G2 trend;G3 leader,F:3/3,,shadow-screen,,RED
2026-07-14,IONQ,0,38.88,BOTTOMING,36.63,38.5,50.3,20.05,WHITE,1,1,0,BREAKOUT,0,0,0,0,17,fails,0,G2 trend;G3 leader;G4 basis,F:1/3,,shadow-screen,,YELLOW
2026-07-14,IOT,0,36.83,ACCUMULATE,36.42,38.28,31.8175,80.5,RED,3,2,1,,0,1,0,1,55,fails,0,G3 leader,F:2/2,19,owner-request,5,RED
2026-07-14,IREN,0,38.98,CAUTION,34.14,35.88,41.7894,12.08,WHITE,1,1,0,BREAKDOWN,0,0,0,0,33,fails,0,G2 trend;G4 basis,F:2/2,,shadow-screen,,YELLOW
2026-07-14,ISRG,0,407.12,CAUTION,395.41,415.59,403.484,14.4,WHITE,0,24,0,,1,1,0,1,22,fails,0,G2 trend;G3 leader,F:3/3,,shadow-screen,,NEUTRAL
2026-07-14,JNJ,0,257.77,ACCUMULATE,253,265.91,230.268,94.34,RED,4,53,1,BREAKOUT,0,0,0,1,68,STARTER,1,,F:2/3,,shadow-screen,,RED
2026-07-14,JPM,0,334.53,ACCUMULATE,325.7,342.32,310.152,93.91,RED,4,7,1,BREAKOUT,0,0,0,1,44,fails,0,G3 leader,F:2/3,15,owner-request,14,NEUTRAL
2026-07-14,KLAC,0,222.25,ACCUMULATE,217.06,228.13,146.195,73.61,RED,4,62,1,BREAKOUT,0,0,0,1,74,STARTER,1,,F:3/3,5,owner-request,9,YELLOW
2026-07-14,KO,0,84.25,HOLD,79.37,83.42,78.9962,98.45,RED,4,28,1,BREAKOUT,0,0,0,0,53,fails,0,G3 leader,F:2/3,,shadow-screen,,RED
2026-07-14,LIN,0,524.06,ACCUMULATE,503.4,529.08,497.007,92.92,RED,4,23,1,,0,0,0,0,62,fails,0,G3 leader,F:2/3,,shadow-screen,,YELLOW
2026-07-14,LITE,0,768.15,HOLD,699.41,735.1,871.238,44.5,RED,3,59,1,INSIDE,1,1,1,0,64,fails,0,G4 basis,F:2/3,,shadow-screen,,YELLOW
2026-07-14,LLY,0,1181.87,ACCUMULATE,1127.8,1185.34,919.232,90.73,RED,4,10,1,,0,0,0,0,59,fails,1,,F:3/3,9,owner-request,20,YELLOW
2026-07-14,LRCX,0,329.92,ACCUMULATE,314.62,330.68,222.314,72.51,RED,4,59,1,BREAKOUT,1,1,0,1,70,fails,0,G1 size,F:3/3,3,owner-request,2,YELLOW
2026-07-14,MA,0,537.7,BOTTOMING,524.73,551.5,494.824,77.87,WHITE,1,27,1,BREAKOUT,0,0,0,1,43,fails,0,G2 trend;G3 leader,F:3/3,,owner-request,,RED
2026-07-14,MCD,0,272.61,CAUTION,264.49,277.99,276.096,9.17,WHITE,0,16,0,,1,1,0,1,17,fails,0,G2 trend;G3 leader;G4 basis,F:2/3,,shadow-screen,,NEUTRAL
2026-07-14,MCHP,0,84.23,HOLD,79.46,83.52,90.0586,46.59,RED,3,14,1,,0,0,0,0,42,fails,0,G3 leader;G4 basis,F:2/3,,shadow-screen,,YELLOW
2026-07-14,MDB,0,337.97,HOLD,316.32,332.46,322.776,68.91,RED,3,6,1,BREAKDOWN,1,1,1,0,57,fails,1,,F:3/3,,owner-request,,YELLOW
2026-07-14,META,0,656.73,BOTTOMING,598.15,628.67,610.358,73.22,WHITE,1,36,1,BREAKOUT,0,0,0,0,25,fails,0,G1 size;G2 trend;G3 leader,F:2/2,,owner-request,,RED
2026-07-14,MPWR,0,1291.38,PULLBACK,1143.45,1201.79,1555.19,41.75,AMBER,2,1,1,BREAKDOWN,0,1,0,0,43,fails,0,G2 trend;G4 basis,F:3/3,,shadow-screen,,YELLOW
2026-07-14,MRK,0,124.03,ACCUMULATE,118.14,124.17,120.554,89.84,RED,4,37,1,,0,0,0,0,67,STARTER,1,,F:2/3,,shadow-screen,,YELLOW
2026-07-14,MRVL,0,217.53,HOLD,198.74,208.87,89.2744,50.74,RED,4,21,1,,0,0,1,0,60,fails,0,G1 size,F:3/3,,owner-request,,YELLOW
2026-07-14,MS,0,221.09,ACCUMULATE,217.31,228.4,190.879,90.25,RED,4,16,1,BREAKOUT,0,0,0,1,72,STARTER,1,,F:2/3,,shadow-screen,,NEUTRAL
2026-07-14,MSFT,0,390.99,CAUTION,378.15,397.44,371.614,34.82,WHITE,0,27,0,,1,1,1,1,10,fails,0,G1 size;G2 trend;G3 leader,F:3/3,,owner-request,,RED
2026-07-14,MSTR,0,92.1,CAUTION,93.03,97.77,125.827,9.89,WHITE,0,41,0,BREAKDOWN,1,1,0,1,13,fails,0,G2 trend;G3 leader;G4 basis,F:0/2,,shadow-screen,,NEUTRAL
2026-07-14,MU,1,937,ACCUMULATE,909.66,956.07,415.428,69.31,RED,4,58,1,,0,0,0,1,70,fails,0,G1 size,F:3/3,1,holding,6,YELLOW
2026-07-14,NBIS,0,210.51,HOLD,157.34,165.36,96.2489,65.42,RED,4,24,1,BREAKOUT,0,0,0,0,74,STARTER,1,,F:2/2,,owner-request,,YELLOW
2026-07-14,NEE,0,88.38,ACCUMULATE,86.03,90.42,87.785,60.27,RED,3,4,1,INSIDE,1,0,1,1,57,fails,0,G3 leader,F:2/3,,shadow-screen,,RED
2026-07-14,NET,0,269.53,HOLD,237.86,249.99,198.205,97.28,RED,4,14,1,,0,0,0,0,67,STARTER,1,,F:2/2,,owner-request,,RED
2026-07-14,NFLX,0,73.83,CAUTION,72.25,75.93,93.3606,9.35,WHITE,0,35,0,BREAKDOWN,1,1,0,1,9,fails,0,G2 trend;G3 leader;G4 basis,F:2/3,,owner-request,,NEUTRAL
2026-07-14,NKE,0,43.76,CAUTION,42.04,44.18,42.8979,31.07,WHITE,0,41,0,BREAKDOWN,1,1,0,1,22,fails,0,G2 trend;G3 leader,F:2/3,,shadow-screen,,RED
2026-07-14,NOW,0,111.26,CAUTION,99.1,104.16,101.126,70.09,WHITE,0,51,0,,0,0,0,0,23,fails,0,G2 trend;G3 leader,F:2/3,,shadow-screen,,RED
2026-07-14,NVDA,1,203.53,ACCUMULATE,195.86,205.86,182.93,68.86,RED,3,3,1,BREAKOUT,0,0,0,1,40,fails,0,G1 size;G3 leader,F:3/3,13,holding,13,RED
2026-07-14,NVO,0,49.28,BOTTOMING,46.88,49.27,44.0682,72.86,AMBER,2,1,0,BREAKOUT,0,0,0,0,37,fails,0,G2 trend;G3 leader,F:—,,owner-request,,RED
2026-07-14,NXPI,0,278.39,HOLD,232.14,243.99,294.045,50.4,RED,3,12,1,,0,0,0,0,42,fails,0,G3 leader;G4 basis,F:2/3,,shadow-screen,,YELLOW
2026-07-14,ON,0,90.37,HOLD,59.69,62.73,60.9055,46.4,RED,3,32,1,BREAKOUT,0,1,0,0,62,STARTER,1,,F:2/3,,shadow-screen,,YELLOW
2026-07-14,ONON,0,37.92,BOTTOMING,35.18,36.97,35.8967,47.79,WHITE,0,20,0,BREAKOUT,0,1,0,0,25,fails,0,G2 trend;G3 leader,F:1/1,,owner-request,,RED
2026-07-14,ORCL,0,131.54,CAUTION,,,142.7,0.43,WHITE,0,4,0,BREAKDOWN,0,1,0,0,5,fails,0,G1 size;G2 trend;G3 leader;G4 basis,F:3/3,,owner-request,,YELLOW
2026-07-14,PANW,0,330.3,HOLD,281.46,295.82,166.398,93.27,RED,4,10,1,,0,0,0,0,68,STARTER,1,,F:2/3,,owner-request,,NEUTRAL
2026-07-14,PEP,0,138.49,CAUTION,133.82,140.65,142.322,10.14,WHITE,0,8,0,BREAKDOWN,1,1,0,1,17,fails,0,G2 trend;G3 leader;G4 basis,F:2/3,,shadow-screen,,YELLOW
2026-07-14,PFE,0,24.48,CAUTION,23.67,24.87,25.8488,15.9,WHITE,0,5,0,BREAKDOWN,1,1,0,1,17,fails,0,G2 trend;G3 leader;G4 basis,F:2/3,,shadow-screen,,RED
2026-07-14,PG,0,148.37,CAUTION,145.66,153.09,144.267,54.33,WHITE,1,2,0,,0,0,0,1,22,fails,0,G2 trend;G3 leader,F:2/3,,shadow-screen,,YELLOW
2026-07-14,PLTR,1,130.04,CAUTION,113.64,119.44,136.12,25.34,WHITE,0,23,0,,0,1,0,0,5,fails,0,G1 size;G2 trend;G3 leader;G4 basis,F:2/2,,holding,,RED
2026-07-14,QCOM,0,183.98,ACCUMULATE,179.02,188.16,131.179,45.32,RED,3,11,1,BREAKOUT,0,0,0,1,44,fails,0,G3 leader,F:3/3,16,owner-request,15,YELLOW
2026-07-14,RBLX,0,55.03,CAUTION,45.96,48.31,46.9007,46.64,WHITE,0,32,0,,0,0,0,0,22,fails,0,G2 trend;G3 leader,F:2/2,,owner-request,,RED
2026-07-14,RDDT,1,200.93,ACCUMULATE,198.06,208.17,142.753,81.68,RED,3,2,1,BREAKOUT,0,0,0,1,57,fails,0,G3 leader,F:2/2,11,holding,11,RED
2026-07-14,RKLB,0,76.73,BOTTOMING,69.06,72.59,70.4732,39.34,AMBER,2,2,0,BREAKOUT,0,0,0,0,33,fails,0,G2 trend,F:1/3,,owner-request,,YELLOW
2026-07-14,RTX,0,196.39,ACCUMULATE,192.93,202.77,176.191,72.62,RED,4,5,1,BREAKOUT,0,0,0,1,52,fails,0,G3 leader,F:2/3,,shadow-screen,,RED
2026-07-14,SCHW,0,102.38,HOLD,90.8,95.44,92.6562,92.35,RED,4,2,1,,0,1,0,0,47,fails,0,G3 leader,F:3/3,,shadow-screen,,RED
2026-07-14,SE,0,110.66,BOTTOMING,109.65,115.25,89.3319,67.11,WHITE,1,35,1,BREAKOUT,0,0,0,1,40,fails,0,G2 trend;G3 leader,F:2/2,,owner-request,,RED
2026-07-14,SHOP,0,124.74,BOTTOMING,122.22,128.45,112.82,72.36,WHITE,1,23,0,BREAKOUT,1,1,0,1,27,fails,0,G2 trend;G3 leader,F:2/2,,owner-request,,RED
2026-07-14,SMCI,0,27.66,CAUTION,21.31,22.39,30.7106,14.18,WHITE,0,5,0,,0,0,0,0,13,fails,0,G2 trend;G3 leader;G4 basis,F:3/3,,shadow-screen,,YELLOW
2026-07-14,SNDK,0,1673.97,ACCUMULATE,1632.81,1716.12,638.592,78.57,RED,4,57,1,BREAKOUT,0,0,0,1,75,fails,0,G1 size,F:3/3,,shadow-screen,,YELLOW
2026-07-14,SNOW,0,268.65,HOLD,254.59,267.58,237.448,97.18,RED,4,6,1,BREAKOUT,0,1,0,0,58,fails,0,G3 leader,F:3/3,,owner-request,,NEUTRAL
2026-07-14,SOFI,0,18.13,BOTTOMING,17.53,18.43,17.8915,58.42,WHITE,0,22,0,BREAKOUT,1,0,1,1,18,fails,0,G2 trend;G3 leader,F:2/3,,owner-request,,NEUTRAL
2026-07-14,SPCX,0,139.14,CAUTION,,,158.625,0.48,WHITE,0,2,0,,0,0,0,0,10,fails,0,G1 size;G2 trend;G3 leader;G4 basis;G5 data,F:—,,shadow-screen,,YELLOW
2026-07-14,STX,0,860.66,ACCUMULATE,848.72,892.03,408.74,73.36,RED,4,61,1,BREAKOUT,0,0,0,1,74,STARTER,1,,F:3/3,,shadow-screen,,YELLOW
2026-07-14,T,0,21.55,CAUTION,20.44,21.49,22.6325,18.13,WHITE,0,13,0,BREAKDOWN,0,1,0,0,13,fails,0,G2 trend;G3 leader;G4 basis,F:2/3,,shadow-screen,,RED
2026-07-14,TER,0,341.11,ACCUMULATE,335.08,352.18,429.866,46.21,RED,3,49,1,BREAKDOWN,0,0,0,1,68,fails,0,G4 basis,F:2/3,,shadow-screen,,YELLOW
2026-07-14,TMDX,0,75.74,CAUTION,73.36,77.1,69.2769,46.12,WHITE,0,17,0,BREAKDOWN,0,0,0,0,25,fails,0,G2 trend;G3 leader,F:3/3,,owner-request,,RED
2026-07-14,TMO,0,528.51,BOTTOMING,514.81,541.07,472.719,79.31,WHITE,1,13,1,BREAKOUT,0,0,0,1,47,fails,0,G2 trend;G3 leader,F:2/3,,shadow-screen,,RED
2026-07-14,TMUS,0,188.41,CAUTION,183.08,192.42,186.813,38.4,WHITE,0,44,0,,0,0,0,1,22,fails,0,G2 trend;G3 leader,F:2/3,,shadow-screen,,RED
2026-07-14,TOST,0,29.96,BOTTOMING,27.55,28.95,28.1072,76.77,WHITE,1,41,0,BREAKOUT,0,0,0,0,30,fails,0,G2 trend;G3 leader,F:2/2,,owner-request,,RED
2026-07-14,TSLA,1,394.76,CAUTION,389.96,409.86,397.921,41.88,WHITE,0,4,0,BREAKDOWN,1,0,1,1,5,fails,0,G1 size;G2 trend;G3 leader;G4 basis,F:1/3,,holding,,NEUTRAL
2026-07-14,TSM,1,421.58,ACCUMULATE,406.03,426.75,435.295,72.78,RED,3,59,1,,0,0,0,0,60,fails,0,G1 size;G4 basis,F:3/3,6,holding,18,YELLOW
2026-07-14,TXN,0,298.57,ACCUMULATE,286.83,301.47,304.037,73.15,RED,4,15,1,,1,1,0,1,53,fails,0,G3 leader;G4 basis,F:3/3,,shadow-screen,,YELLOW
2026-07-14,UBER,0,74.26,BOTTOMING,72.8,76.51,74.2829,44.8,WHITE,0,31,0,BREAKOUT,0,0,0,1,23,fails,0,G2 trend;G3 leader;G4 basis,F:3/3,,owner-request,,RED
2026-07-14,UNH,0,429.09,ACCUMULATE,415.92,437.14,289.068,97.27,RED,4,11,1,BREAKOUT,0,0,0,1,78,CONVICTION,1,,F:3/3,,shadow-screen,,NEUTRAL
2026-07-14,V,0,357.75,ACCUMULATE,340.93,358.32,329.468,97.09,RED,4,3,1,,0,0,0,1,44,fails,0,G3 leader,F:2/2,18,owner-request,16,RED
2026-07-14,VRT,0,305.87,HOLD,258.36,271.54,313.254,64.06,RED,3,58,1,,0,0,0,0,68,fails,0,G4 basis,F:3/3,,owner-request,,YELLOW
2026-07-14,VZ,0,42.68,CAUTION,41.86,44,47.3902,28.38,WHITE,1,2,0,BREAKDOWN,1,1,0,1,13,fails,0,G2 trend;G3 leader;G4 basis,F:2/3,,shadow-screen,,YELLOW
2026-07-14,WDC,0,555.55,HOLD,520.4,546.95,284.844,76.43,RED,4,59,1,BREAKOUT,0,0,0,0,65,fails,0,G1 size,F:3/3,,shadow-screen,,YELLOW
2026-07-14,WFC,0,87.67,ACCUMULATE,84.83,89.16,81.3511,87.69,RED,3,2,1,BREAKOUT,0,0,0,1,52,fails,0,G3 leader,F:2/3,,shadow-screen,,RED
2026-07-14,WMT,0,114.78,CAUTION,111.67,117.36,118.748,30.48,WHITE,0,2,0,BREAKDOWN,1,1,0,1,13,fails,0,G2 trend;G3 leader;G4 basis,F:2/3,,shadow-screen,,RED
2026-07-14,XOM,0,144.51,ACCUMULATE,137.86,144.89,151.03,45.69,RED,3,1,1,BREAKOUT,1,1,0,1,48,fails,0,G3 leader;G4 basis,F:—,,shadow-screen,,RED
2026-07-14,ZETA,0,21.87,ACCUMULATE,21.14,22.22,18.4446,88.03,RED,4,8,1,,1,1,0,1,70,STARTER,1,,F:2/2,,shadow-screen,,RED
2026-07-14,ZS,0,141.82,CAUTION,131.98,138.71,127.394,48.12,WHITE,0,32,0,,0,0,1,0,25,fails,0,G2 trend;G3 leader,F:3/3,,owner-request,,NEUTRAL
